"","n","nevent","coef","se","hazard_ratio","hr_confint_lower","hr_confint_upper","p_value","p_adjusted"
"CD11b+_epithelial_region",58,44,0.5141439,0.1580286,1.67220634812033,1.2268054626631,2.27931335146151,0.00113997922145213,0.24623551183366
"Unidentified_M1_contact",76,60,0.3422535,0.1360559,1.40811722309567,1.07851897795926,1.83844156152954,0.0118851748907714,0.754557129797319
"Neuroepithelial_cells_tumor_contact",51,38,0.418368,0.1746016,1.51947974833719,1.07912993118941,2.13951873530382,0.0165692644425355,0.754557129797319
"B_cells_M1_contact",60,49,-0.3904041,0.1693351,0.676783325020988,0.485636527199063,0.943165605083727,0.0211379200230121,0.754557129797319
"B_cells_assort",43,35,0.4504162,0.2043047,1.56896502152679,1.05125670542177,2.34162714594712,0.0274801059432621,0.754557129797319
"B_cells_vascular_med_dist",60,49,0.2992238,0.1382703,1.34881141289635,1.02862080055579,1.76867143516486,0.030460604997823,0.754557129797319
"CD11b+_epithelial_prop",58,44,0.29784,0.1453494,1.34694626046984,1.01304474824757,1.79090235819505,0.0404492897793048,0.754557129797319
"CD163+_cells_tumor_med_dist",76,60,0.2304182,0.1133964,1.25912641006063,1.00819863137293,1.57250691200924,0.0421567119217391,0.754557129797319
"Dendritic_cells_vascular_contact",29,25,0.428246,0.2156224,1.5345634727564,1.0056497872468,2.34165519824275,0.0470230566137502,0.754557129797319
"CD11b+_epithelial_vascular_contact",57,43,0.2553217,0.1291854,1.29087682100286,1.0021252617503,1.66282902008877,0.0481097423546415,0.754557129797319
"B_cells_vascular_contact",60,49,-0.4254807,0.2212308,0.653455599302808,0.423549421234276,1.00815677900314,0.0544494711284331,0.754557129797319
"Monocytes_assort",56,45,0.2697708,0.1421622,1.30966421260466,0.991177133641332,1.73048821604277,0.057745286361532,0.754557129797319
"CD11c+_epithelial_M1_med_dist",70,54,0.2345181,0.1259581,1.26429939539915,0.987720817233625,1.61832466555027,0.0626208161954373,0.754557129797319
"Neutrophils_M1_contact",55,41,-0.6196974,0.3334488,0.538107264382022,0.279921818226562,1.03442964830395,0.0631053491924383,0.754557129797319
"B_cells_region",61,50,0.2616299,0.1416034,1.29904566615209,0.984218166297323,1.71457884088551,0.0646567224176756,0.754557129797319
"Monocytes_vascular_med_dist",60,49,0.272911,0.1500578,1.31378336961764,0.979026192093287,1.76300364201023,0.0689563135882633,0.754557129797319
"Vascular_endothelial_cells_tumor_med_dist",76,60,0.2047011,0.1140573,1.22715820279925,0.981329331879461,1.53456867717724,0.0726981516444156,0.754557129797319
"NK/NKT_tumor_med_dist",57,47,0.2702983,0.1516457,1.31035524121515,0.973437399498003,1.76388420977608,0.0746786018429527,0.754557129797319
"CD56+CD45-_region",41,31,0.3684823,0.211206,1.44553905270798,0.955544667251324,2.18679798498033,0.0810443049244836,0.754557129797319
"Non-leukocyte_derived_neural_cells_M1_contact",33,25,0.3077452,0.1768952,1.3603543130235,0.961786186523959,1.92409070008569,0.0819111746420594,0.754557129797319
"Non-leukocyte_derived_neural_cells_M1_med_dist",33,25,-0.4193343,0.2417224,0.657484382026058,0.409384079260113,1.0559416804617,0.0827804694687682,0.754557129797319
"NK/NKT_M1_med_dist",56,46,0.2879837,0.1669058,1.3337356024186,0.961610573805543,1.84986594949676,0.0844506841359107,0.754557129797319
"Other_immune_M1_contact",63,52,0.229352,0.1329808,1.25778464351334,0.969198800697695,1.63229897552405,0.0845814781581141,0.754557129797319
"CD11b+_epithelial_vascular_med_dist",57,43,0.2597204,0.1542284,1.2965675555901,0.958331433740385,1.75418166098086,0.0921818245709506,0.754557129797319
"CD11c+_epithelial_tumor_med_dist",70,54,0.2458177,0.1463334,1.27866647852795,0.959838296314126,1.70339938465633,0.0929870646720972,0.754557129797319
"Unidentified_tumor_contact",77,61,-0.2634958,0.1570492,0.768360848626874,0.564787021385217,1.04531154461487,0.0933878186631598,0.754557129797319
"HLADR+_assort",46,37,0.2907277,0.1753196,1.33740035205031,0.948482108647346,1.88579171431616,0.097262397279697,0.754557129797319
"Vascular_endothelial_cells_M1_med_dist",75,59,0.1857149,0.1121772,1.20407894646988,0.966428186889007,1.50016952009546,0.0978129612700229,0.754557129797319
"CD11c+_epithelial_prop",70,54,-0.2331541,0.1437115,0.792031546406553,0.597606144332241,1.0497113800664,0.104722841634059,0.760337596109827
"Unidentified_assort",77,61,0.2054697,0.129096,1.22810174088533,0.953559160733545,1.58168884330715,0.111473734838635,0.760337596109827
"CD11b+_epithelial_assort",51,37,0.289762,0.182637,1.33610942280237,0.934073661269607,1.91118587721961,0.112615549392239,0.760337596109827
"Unidentified_M1_med_dist",76,60,-0.2147074,0.1367097,0.806777477546562,0.617143599617749,1.05468143666976,0.116290754112796,0.760337596109827
"B_cells_tumor_med_dist",61,50,0.226427,0.146531,1.25411103094081,0.941041045888467,1.67133461903619,0.122285907150835,0.760337596109827
"Non-leukocyte_derived_neural_cells_vascular_contact",33,25,-0.3690006,0.2395349,0.691425014643649,0.432367090749778,1.10570059817906,0.123441477353943,0.760337596109827
"CD11b+_epithelial_M1_med_dist",58,44,0.2469663,0.1627874,1.2801360268942,0.93044613270249,1.76124999584093,0.129238986988895,0.760337596109827
"B_cells_M1_med_dist",60,49,0.2202361,0.1453569,1.24637099687823,0.937387930981244,1.65720147498924,0.129736700282187,0.760337596109827
"M1_macrophages_prop",76,60,-0.2657792,0.1765403,0.766608409669882,0.542378219076918,1.08353992307579,0.132198777634852,0.760337596109827
"M2_macrophages_tumor_med_dist",36,28,0.2940164,0.1960859,1.34180590859878,0.913652496762499,1.97059943767507,0.133763095611914,0.760337596109827
"CD4+_T_cells_tumor_contact",72,57,0.2145059,0.1469727,1.23924947872957,0.929084762475382,1.65295926976543,0.144428943949049,0.799914151102425
"M1_macrophages_assort",74,59,-0.2331607,0.1638362,0.792026250338971,0.574489277488395,1.09193610012797,0.154697597706313,0.825039433816212
"M1_macrophages_tumor_contact",76,60,0.1645283,0.1174076,1.17883693865378,0.936518077483802,1.48385446191095,0.161111727597796,0.825039433816212
"Dendritic_cells_M1_med_dist",28,24,-0.3061126,0.2202308,0.736303737536455,0.478185260831099,1.13375136859696,0.164540308504314,0.825039433816212
"Monocytes_region",61,50,0.179247,0.1293588,1.19631622147901,0.928401026822321,1.54154558259413,0.165851326332794,0.825039433816212
"Tumor_M1_contact",76,60,0.1747831,0.1267966,1.19098787916018,0.928919061615486,1.52699216424694,0.168063588369969,0.825039433816212
"M2_macrophages_region",36,28,0.2877427,0.2207003,1.33341417766321,0.865176302963528,2.05506480367415,0.192311631133898,0.890013020684548
"ATF6",77,61,0.1633296,0.1277858,1.17742466338085,0.916561653931383,1.51253200697539,0.201196038938063,0.890013020684548
"Tumor_vascular_med_dist",76,60,0.1455863,0.1140946,1.15671758875292,0.924932063535406,1.44658795265037,0.201950524103282,0.890013020684548
"Tumor_assort",77,61,0.1632939,0.1299395,1.17738272774005,0.912668194288181,1.51887629727445,0.208865307916461,0.890013020684548
"CD11b+_epithelial_tumor_med_dist",58,44,0.2113693,0.1692049,1.23536851500985,0.886684461843223,1.72117075865427,0.211594918604744,0.890013020684548
"HLADR+_tumor_contact",51,41,0.1954188,0.1569205,1.21582005075824,0.893919270400301,1.65363746455965,0.213008276402784,0.890013020684548
"M1_macrophages_tumor_med_dist",76,60,0.143488,0.1153005,1.15429291115643,0.920814328815361,1.446971537096,0.213326791554138,0.890013020684548
"CD56+CD45-_prop",41,31,0.2818436,0.2270694,1.32557135954843,0.849417697374511,2.06864000442451,0.214523634556906,0.890013020684548
"CD8+_T_cells_tumor_contact",71,58,-0.1603976,0.1320787,0.851805053238477,0.657528541076175,1.10348342831638,0.224591543528016,0.890013020684548
"Fibroblast_prop",75,59,0.1625092,0.1341084,1.17645919408282,0.904531248153496,1.53013645262937,0.225598478626979,0.890013020684548
"HLADR+_M1_contact",50,40,-0.2208155,0.185296,0.801864598046825,0.557669329476851,1.15298941436134,0.233382670152509,0.890013020684548
"Neuroepithelial_cells_tumor_med_dist",51,38,-0.1998003,0.1690138,0.818894303165711,0.587980659883231,1.14049309018162,0.237144793349986,0.890013020684548
"Neuroepithelial_cells_region",51,38,-0.2998955,0.2568943,0.740895645798925,0.447804278390857,1.22581758248564,0.243053404176924,0.890013020684548
"CD163+_cells_prop",76,60,-0.1797893,0.1545274,0.835446230824452,0.617141185016974,1.13097362733875,0.244635510844245,0.890013020684548
"NK/NKT_vascular_med_dist",56,46,0.1780517,0.1532473,1.19488711353065,0.884876310929793,1.6135082343671,0.245292741287622,0.890013020684548
"H3K14Ace",77,61,-0.1441263,0.1245567,0.865778372945387,0.678240703726445,1.1051713454259,0.247225839079041,0.890013020684548
"CD11b_low_Neutrophils_M1_contact",71,56,-0.1661401,0.1473794,0.846927531258103,0.634448953836166,1.13056572773256,0.259617498849112,0.908806540634981
"Neuroepithelial_cells_M1_med_dist",51,38,-0.1790465,0.1645235,0.83606701217993,0.605617540839921,1.15420707248015,0.276474482221666,0.908806540634981
"Unidentified_vascular_med_dist",76,60,-0.1477075,0.1363399,0.862683405196634,0.660387277042891,1.12694881242136,0.278641183600475,0.908806540634981
"CD163+_cells_tumor_contact",76,60,-0.1526539,0.1410657,0.858426762105124,0.65107034037,1.13182318438821,0.27918692187114,0.908806540634981
"Fibroblast_vascular_contact",74,58,-0.1587379,0.1469827,0.853219970208587,0.639659881947768,1.13808031128359,0.28015256006175,0.908806540634981
"CBX2",77,61,-0.1521738,0.1411679,0.85883903600588,0.651252514949408,1.13259369113501,0.281050422069077,0.908806540634981
"M1_macrophages_vascular_med_dist",75,59,0.1337074,0.1242653,1.14305833662384,0.895970178165347,1.45828777873021,0.28193471906523,0.908806540634981
"M1_macrophages_region",76,60,-0.1663918,0.1563942,0.846714456083101,0.623180671924391,1.15042940585148,0.287362540684282,0.908806540634981
"Dendritic_cells_M1_contact",28,24,0.2435618,0.2303327,1.27578516166833,0.812302899912626,2.0037202611343,0.290313200480619,0.908806540634981
"M2_macrophages_vascular_contact",36,28,0.2310749,0.2211443,1.25995361894567,0.816800870511344,1.94353750002797,0.296066609225162,0.913576965609071
"Unidentified_prop",77,61,0.1272125,0.1239053,1.13565834494533,0.890798134554563,1.44782507553059,0.304565806493267,0.926566397218953
"CD4+_T_cells_assort",68,54,-0.1447004,0.1441897,0.865281493884979,0.652263300059697,1.14786783740753,0.315599403115873,0.937281950173297
"Monocytes_tumor_contact",61,50,0.1234302,0.1239946,1.13137104439071,0.887279967389709,1.44261167515294,0.319518234977631,0.937281950173297
"CD11b_low_Neutrophils_tumor_med_dist",71,56,0.139064,0.1423322,1.14919764222745,0.869443448953634,1.51896621049997,0.328550235089589,0.937281950173297
"Dendritic_cells_tumor_med_dist",29,25,-0.1859207,0.1903507,0.830339405525999,0.571779850981596,1.20581990985804,0.32870411533232,0.937281950173297
"DUSP1",77,61,-0.1255946,0.1297697,0.881972314749446,0.683903436013703,1.13740496541227,0.333130795214405,0.937281950173297
"Fibroblast_region",75,59,0.1219301,0.1262424,1.12967509226176,0.882055410877001,1.44680912144483,0.334123658163629,0.937281950173297
"Other_immune_vascular_med_dist",64,53,0.1265728,0.133485,1.13493210033995,0.873669559238634,1.4743227101841,0.343018851546813,0.949898358129636
"Other_immune_tumor_med_dist",64,53,0.1248056,0.1334001,1.13292820486027,0.872272092686709,1.47147470167766,0.349492938423761,0.95346301536035
"CD11b_low_Neutrophils_prop",71,56,0.1488922,0.1603532,1.16054786723409,0.847559490069739,1.58911718637092,0.353134450133463,0.95346301536035
"CD163+_cells_M1_med_dist",75,59,0.1292739,0.1442214,1.13800173191143,0.857790908515329,1.5097478056452,0.370062162056079,0.964462699677059
"CD11b_low_Neutrophils_tumor_contact",71,56,-0.1205563,0.1349608,0.886427192526019,0.680399887428435,1.15484023758338,0.371713169059775,0.964462699677059
"Lymphatic_endothelial_cells_tumor_contact",30,25,-0.1778531,0.2000413,0.837065345046507,0.565566747725506,1.23889601836687,0.373959041872169,0.964462699677059
"Non-leukocyte_derived_neural_cells_prop",33,25,0.23877,0.2715951,1.26968647357232,0.745614459092246,2.1621143762893,0.379325613107602,0.964462699677059
"Other_immune_tumor_contact",64,53,0.133045,0.1514016,1.14230140952228,0.848999430297969,1.53692978302544,0.379533932743287,0.964462699677059
"CD11c_low_immune_region",43,35,-0.1509895,0.1776585,0.85985674964496,0.607019906287558,1.21800557486124,0.395388407843433,0.966258837362923
"CD56+CD45-_M1_med_dist",40,30,-0.1541183,0.1851167,0.857170608887133,0.596342289269406,1.23208007542126,0.405100539158169,0.966258837362923
"CD8+_T_cells_assort",63,54,0.1310253,0.1602437,1.13999662543547,0.832729319067593,1.5606419472049,0.413549880298754,0.966258837362923
"CD4+_T_cells_M1_contact",71,56,-0.1084913,0.1374619,0.897186712011786,0.685291089980542,1.17460157877344,0.42996797048038,0.966258837362923
"Non-leukocyte_derived_neural_cells_region",33,25,-0.1839686,0.2373423,0.831961959934972,0.522489272325196,1.3247366777476,0.438269168047498,0.966258837362923
"CD8+_T_cells_region",71,58,0.09579532,0.1237721,1.10053378335793,0.863472237311728,1.40267927094321,0.43895125775786,0.966258837362923
"CD163+_cells_region",76,60,-0.0931774,0.1217629,0.911031871737882,0.717610536788109,1.15658707442767,0.44413079909043,0.966258837362923
"Fibroblast_assort",72,56,0.1004462,0.1342184,1.10566417437929,0.849916600972536,1.43836850004691,0.454231717087579,0.966258837362923
"Other_immune_assort",56,46,0.1077782,0.1447135,1.11380067179664,0.838739467729561,1.47906708128661,0.456411250915812,0.966258837362923
"Dendritic_cells_assort",23,19,-0.188825,0.2567266,0.827931387549497,0.500573994439281,1.36936874488949,0.462028894771717,0.966258837362923
"CD8+_T_cells_vascular_med_dist",70,57,-0.09156038,0.1268525,0.912506221493257,0.711637496365709,1.17007269644487,0.470425841810587,0.966258837362923
"CD8+_T_cells_prop",71,58,-0.09538431,0.1332118,0.909023518321205,0.700140211186724,1.18022610851112,0.473969765288482,0.966258837362923
"CD4+_T_cells_vascular_med_dist",71,56,0.1040178,0.1454797,1.10962019786563,0.834337617934651,1.47572991681625,0.474609801929545,0.966258837362923
"Dendritic_cells_tumor_contact",29,25,0.2218091,0.313255,1.24833302372711,0.675596397236277,2.30660693944266,0.478896602032851,0.966258837362923
"Neutrophils_vascular_contact",55,41,0.105646,0.151942,1.1114283076629,0.825179091621941,1.49697549976262,0.486864424953713,0.966258837362923
"Tumor_region",77,61,0.08342264,0.1212271,1.08700111900322,0.857119405234504,1.37853772239701,0.491357111991982,0.966258837362923
"HLADR+_region",51,41,0.1094582,0.1627716,1.11567339077079,0.810934282622975,1.53492969966433,0.501287814094166,0.966258837362923
"B_cells_prop",61,50,0.0988177,0.147982,1.10386504727314,0.825949438813185,1.47529374720835,0.504281496207395,0.966258837362923
"CD4+_T_cells_tumor_med_dist",72,57,0.08517741,0.1299744,1.08891023140763,0.844029512102868,1.40483890084604,0.512249084617994,0.966258837362923
"Neuroepithelial_cells_assort",46,35,0.1009672,0.154554,1.10624032980423,0.817133186114968,1.49763549942664,0.513575317716171,0.966258837362923
"CD4+_T_cells_prop",72,57,-0.09140077,0.1422821,0.912651869768955,0.690548864965788,1.20619043437865,0.520619147812357,0.966258837362923
"M2_macrophages_prop",36,28,-0.1310008,0.2055561,0.877217108281638,0.586323617131824,1.3124319617659,0.523929989108233,0.966258837362923
"Tumor_M1_med_dist",76,60,0.07462276,0.1177444,1.07747760607778,0.855429182695704,1.35716435104609,0.526231437384986,0.966258837362923
"Neuroepithelial_cells_vascular_med_dist",51,38,-0.099625,0.1574668,0.905176797003475,0.664809808070215,1.23245027959475,0.526947216962953,0.966258837362923
"CD11b+_epithelial_tumor_contact",58,44,0.09265092,0.1466179,1.09707869815134,0.823069362617757,1.46230891903142,0.527438432822431,0.966258837362923
"Neutrophils_M1_med_dist",55,41,0.09361904,0.1496441,1.09814131777941,0.818994413529538,1.47243294202374,0.531569939941505,0.966258837362923
"CD11c+_epithelial_M1_contact",70,54,-0.08853608,0.1427038,0.915270089429564,0.691957703324468,1.21065107387291,0.534982385533836,0.966258837362923
"CD11c_low_immune_M1_contact",43,35,0.1035296,0.1686454,1.10907858668642,0.796913395949917,1.54352445033269,0.539288540791265,0.966258837362923
"Non-leukocyte_derived_neural_cells_tumor_med_dist",33,25,-0.1409002,0.2312347,0.868575958389843,0.552052666838209,1.36658011238978,0.54229991448032,0.966258837362923
"Fibroblast_M1_med_dist",74,58,-0.08153102,0.1338827,0.921704114845612,0.708974151160283,1.19826438514438,0.542541841755512,0.966258837362923
"Dendritic_cells_region",29,25,-0.1624776,0.2695075,0.850035101832935,0.501223723843644,1.44159112981956,0.546596117250814,0.966258837362923
"NK/NKT_vascular_contact",56,46,-0.09509636,0.161262,0.909285310397358,0.662878145704695,1.24728772710626,0.555391161525658,0.966258837362923
"Other_immune_vascular_contact",64,53,-0.0800883,0.1360521,0.923034839052351,0.706985265065681,1.20510759729235,0.556089923910802,0.966258837362923
"CD56+CD45-_vascular_med_dist",41,31,0.1156902,0.1966084,1.1226480683635,0.763642815417649,1.65042957251029,0.556243816696385,0.966258837362923
"CD56+CD45-_tumor_contact",41,31,-0.1237133,0.2103552,0.883633165625963,0.585082852766977,1.33452479029519,0.556454314449795,0.966258837362923
"HLADR+_vascular_contact",51,41,-0.1011655,0.1721183,0.903783461731305,0.644995982989382,1.26640253155262,0.556688650795544,0.966258837362923
"NK/NKT_prop",57,47,-0.09717456,0.1671131,0.907397594000614,0.653959286967087,1.25905451609489,0.560910343528176,0.966258837362923
"CD163+_cells_M1_contact",75,59,-0.08273775,0.1423948,0.920592537837736,0.696403283855,1.21695379727558,0.561210173843052,0.966258837362923
"CD56+CD45-_assort",31,23,0.1235496,0.2130087,1.13150610598576,0.745321319848362,1.71779074848355,0.561900306487094,0.966258837362923
"CD11c_low_immune_tumor_med_dist",43,35,0.0892696,0.1561221,1.09337539569568,0.805152134124967,1.48477499499137,0.567461799396502,0.966258837362923
"Other_immune_region",64,53,0.07089904,0.1245291,1.07347284116843,0.840991615131115,1.37022048733098,0.569127504596273,0.966258837362923
"Non-leukocyte_derived_neural_cells_assort",27,20,-0.1375186,0.241716,0.871518104989245,0.542659444545635,1.3996693782046,0.569406044433278,0.966258837362923
"Neuroepithelial_cells_vascular_contact",51,38,-0.07043158,0.1255827,0.931991506229557,0.7286445582576,1.19208763427964,0.574907974757217,0.966258837362923
"CD163+_cells_assort",74,58,0.06919474,0.1244517,1.07164487916492,0.839686919843875,1.36767969096615,0.578213182597617,0.966258837362923
"Monocytes_M1_contact",61,50,-0.07646504,0.139964,0.926385299235685,0.704132017355049,1.21879093903957,0.584846406617209,0.966258837362923
"Unidentified_region",77,61,0.06212359,0.1160332,1.06409384651105,0.847641722485673,1.33581875944269,0.592376663635605,0.966258837362923
"Unidentified_tumor_med_dist",77,61,-0.0626785,0.1173681,0.939245396293836,0.746234263702958,1.18217824799629,0.593318294592865,0.966258837362923
"Lymphatic_endothelial_cells_M1_contact",30,25,-0.1097665,0.2107077,0.896043330341633,0.592890280796826,1.35420275193356,0.60240704187674,0.966258837362923
"Neuroepithelial_cells_prop",51,38,-0.0800223,0.1605921,0.923095759781273,0.673830241867731,1.26457040480149,0.618275900499568,0.966258837362923
"Lymphatic_endothelial_cells_region",30,25,0.1029889,0.2080965,1.10847908631486,0.737217181518468,1.66670815005501,0.620664166353682,0.966258837362923
"Neutrophils_assort",45,33,0.08778327,0.1788232,1.09175148550264,0.768969633349725,1.55002389483842,0.623501311035519,0.966258837362923
"CD11c_low_immune_prop",43,35,-0.07863124,0.1611157,0.924380740232761,0.674076140021039,1.26763091315856,0.625520062522768,0.966258837362923
"Other_immune_prop",64,53,-0.06544987,0.135725,0.936645996845234,0.717870635351996,1.22209445574554,0.629646612205394,0.966258837362923
"CD4+_T_cells_M1_med_dist",71,56,0.06684723,0.1441565,1.06913213371892,0.805981700013034,1.41820033796286,0.642853359189082,0.966258837362923
"M2_macrophages_assort",24,19,0.1306071,0.2865716,1.13951996217162,0.64981805784036,1.99826048002289,0.648564504188238,0.966258837362923
"CD11c_low_immune_vascular_med_dist",43,35,0.07939599,0.1759961,1.08263295038768,0.766784074914869,1.52858430894677,0.651900490969447,0.966258837362923
"CD11c+_epithelial_assort",67,51,0.07177432,0.1632487,1.07441284179229,0.78021380608805,1.47954694674797,0.660181656178222,0.966258837362923
"CD4+_T_cells_region",72,57,-0.06640164,0.1514522,0.935754955066176,0.695417714225231,1.25915305005777,0.661072553626974,0.966258837362923
"Lymphatic_endothelial_cells_tumor_med_dist",30,25,0.07846524,0.1844859,1.08162575562134,0.753429045071952,1.55278626816371,0.670604576940513,0.966258837362923
"HLADR+_tumor_med_dist",51,41,0.07253067,0.1731008,1.07522578643408,0.765871716575956,1.509535431053,0.675210001375543,0.966258837362923
"Vascular_endothelial_cells_prop",76,60,-0.05066636,0.121505,0.950595770497831,0.749153138417351,1.20620507683831,0.676685848440408,0.966258837362923
"CD8+_T_cells_M1_med_dist",70,57,-0.05259365,0.127561,0.948765461994657,0.738888239422802,1.21825717861893,0.680118074816673,0.966258837362923
"Fibroblast_tumor_contact",75,59,-0.05195759,0.1268752,0.949369131865413,0.740352870088293,1.21739481935337,0.682160023288487,0.966258837362923
"CD163+_cells_vascular_contact",75,59,-0.05237411,0.1291319,0.948973778444813,0.736778476222968,1.22228222082766,0.685046725717492,0.966258837362923
"M1_macrophages_vascular_contact",75,59,-0.05019342,0.1237567,0.95104545781853,0.746207087541556,1.21211320280697,0.68505022031245,0.966258837362923
"CD11c+_epithelial_vascular_contact",69,53,0.05368706,0.1383031,1.05515435085135,0.804622495367355,1.38369323568592,0.697879848860202,0.966258837362923
"NK/NKT_tumor_contact",57,47,0.05950548,0.1535435,1.06131157229857,0.785500438737434,1.43396769491988,0.698350568273795,0.966258837362923
"Neutrophils_tumor_med_dist",56,42,0.06089714,0.1594783,1.06278959220485,0.777497752132877,1.45276525134688,0.702570935439122,0.966258837362923
"CD8+_T_cells_tumor_med_dist",71,58,-0.04617967,0.122304,0.954870387674745,0.751344423662037,1.21352794875902,0.70574188791253,0.966258837362923
"Lymphatic_endothelial_cells_M1_med_dist",30,25,-0.06260164,0.1697895,0.939317586907274,0.673422043695682,1.31019995162502,0.712350328529672,0.966258837362923
"CD11c_low_immune_M1_med_dist",43,35,-0.06001252,0.1644411,0.941752741649591,0.682282763850036,1.29989833159476,0.715149853747221,0.966258837362923
"Non-leukocyte_derived_neural_cells_vascular_med_dist",33,25,-0.0813979,0.2237457,0.921826822305653,0.594561281558758,1.42922978114941,0.716010025132183,0.966258837362923
"M2_macrophages_vascular_med_dist",36,28,-0.0669899,0.18655,0.935204647522841,0.648806238650513,1.34802608336114,0.719521091781942,0.966258837362923
"Lymphatic_endothelial_cells_vascular_contact",29,24,0.0615061,0.1772392,1.06343698731378,0.751355527757205,1.50514394878113,0.728573926290379,0.966258837362923
"Dendritic_cells_vascular_med_dist",29,25,0.07684513,0.2223412,1.07987482441262,0.698419352338688,1.66966970845718,0.729629753529175,0.966258837362923
"CD11c_low_immune_tumor_contact",43,35,-0.05842486,0.1694832,0.943249116047045,0.676646795863492,1.3148941225505,0.730302209677025,0.966258837362923
"Vascular_endothelial_cells_M1_contact",75,59,-0.04112004,0.1202666,0.959713920211469,0.758177087481828,1.21482279516887,0.732420649334876,0.966258837362923
"Fibroblast_M1_contact",74,58,-0.0422314,0.1240112,0.958647927872227,0.751797025951241,1.22241219091138,0.733446154203161,0.966258837362923
"NK/NKT_assort",46,38,0.05373838,0.1634495,1.05520850528328,0.76596653203729,1.45367316070666,0.742324536321192,0.966258837362923
"M2_macrophages_M1_contact",36,28,-0.06204013,0.1940128,0.939845172603481,0.642557985066736,1.37467585648994,0.749140127789121,0.966258837362923
"CD11b_low_Neutrophils_region",71,56,0.04603013,0.1514579,1.04710596008533,0.778160915804663,1.40900277741712,0.761193677405032,0.966258837362923
"CD11b_low_Neutrophils_M1_med_dist",71,56,0.0459665,0.1513516,1.04703933244299,0.778273548187471,1.40861958656545,0.761351357643143,0.966258837362923
"CD56+CD45-_vascular_contact",41,31,0.05246863,0.1737695,1.05386949696857,0.749676641595445,1.48149329326462,0.762694877409291,0.966258837362923
"M2_macrophages_M1_med_dist",36,28,0.05349562,0.1853117,1.054952372044,0.733660653299327,1.51694724567328,0.772826960139048,0.966258837362923
"CD11c_low_immune_assort",30,23,-0.05999419,0.2116054,0.941770005973817,0.622051029632609,1.42581669654298,0.776778880027066,0.966258837362923
"HLADR+_M1_med_dist",50,40,0.0520645,0.1902356,1.05344368267594,0.72557535372033,1.52946704553804,0.784327204257088,0.966258837362923
"B_cells_tumor_contact",61,50,0.04115113,0.1599334,1.04200957699746,0.761616163859194,1.42563145331978,0.796945888765286,0.966258837362923
"CD163+_cells_vascular_med_dist",75,59,-0.03389643,0.1338737,0.966671618986665,0.743576116076506,1.25670257388708,0.800115993066832,0.966258837362923
"Tumor_vascular_contact",76,60,-0.03174326,0.1260486,0.968755270704165,0.756695734339272,1.24024324695918,0.801169831766308,0.966258837362923
"Non-leukocyte_derived_neural_cells_tumor_contact",33,25,0.05624967,0.2252711,1.05786176718449,0.680264510528312,1.64505350661552,0.802821154814063,0.966258837362923
"Vascular_endothelial_cells_assort",76,60,0.03522916,0.1431158,1.03585705382901,0.782491111242746,1.37126137351668,0.805559661307575,0.966258837362923
"Age",77,61,0.002722703,0.01142599,1.00272641254257,0.980520394650716,1.02543533402858,0.81165599978711,0.966258837362923
"NK/NKT_M1_contact",56,46,-0.03474559,0.1459416,0.965851104453958,0.725578540300859,1.28568901112775,0.811820074236132,0.966258837362923
"Neutrophils_tumor_contact",56,42,0.03353285,0.1419924,1.03410141568029,0.782886787962955,1.36592640769228,0.813308944248548,0.966258837362923
"CD11b_low_Neutrophils_assort",69,54,0.03602887,0.1526781,1.03668577048294,0.768576919025413,1.39832118310889,0.813448712454597,0.966258837362923
"Neutrophils_prop",56,42,-0.05358273,0.2296277,0.947827525197381,0.604324048019108,1.48658161207807,0.815492650542051,0.966258837362923
"Unidentified_vascular_contact",76,60,0.03072317,0.1325038,1.03119999416029,0.795344805609408,1.33699675971532,0.816641875332513,0.966258837362923
"Vascular_endothelial_cells_tumor_contact",76,60,0.02930822,0.1307044,1.02974193646225,0.797026149861325,1.3304061051115,0.822576168510065,0.966258837362923
"Monocytes_prop",61,50,-0.03019618,0.1370287,0.970255172140868,0.741731828924385,1.26918525315445,0.825587776709254,0.966258837362923
"CD8+_T_cells_vascular_contact",70,57,0.02836019,0.1321157,1.02876617006506,0.794071482002716,1.33282690117654,0.830031006126845,0.966258837362923
"Dendritic_cells_prop",29,25,0.04948594,0.2333525,1.05073081476678,0.665060924687525,1.66005128871343,0.832056221062517,0.966258837362923
"CD11b_low_Neutrophils_vascular_contact",70,55,-0.02252815,0.1382685,0.977723709965404,0.745627320381868,1.28206629089038,0.870573138163267,0.995995616334095
"CD11c+_epithelial_region",70,54,0.02828968,0.1742227,1.02869363684839,0.731117959506108,1.44738695682871,0.871009298835324,0.995995616334095
"CD11c_low_immune_vascular_contact",43,35,0.03482709,0.2153032,1.03544065214282,0.678982837915994,1.57903452670567,0.871496164292333,0.995995616334095
"Fibroblast_vascular_med_dist",74,58,0.01915688,0.1271489,1.0193415521734,0.794493581069468,1.30782327855765,0.880240023886577,0.99900786561503
"HLADR+_vascular_med_dist",51,41,0.02502574,0.1794637,1.02534151333741,0.721288063810851,1.45756636179237,0.889096655292559,0.99900786561503
"Monocytes_tumor_med_dist",61,50,-0.01837689,0.1354968,0.981790938665206,0.752807433470422,1.28042498571181,0.89211699663464,0.99900786561503
"CD56+CD45-_M1_contact",40,30,0.02047491,0.1967867,1.02068596202022,0.694043957060077,1.50105742218136,0.917132676994309,0.99900786561503
"Fibroblast_tumor_med_dist",75,59,0.01341839,0.1326111,1.01350881989467,0.781535636662049,1.31433562312202,0.919402776172851,0.99900786561503
"CD11b_low_Neutrophils_vascular_med_dist",70,55,0.01412058,0.1421407,1.01422074915697,0.767612552999175,1.34005589669094,0.920866526833231,0.99900786561503
"Monocytes_vascular_contact",60,49,-0.01227255,0.1273394,0.987802454340453,0.769623992862856,1.26783169164387,0.923221433632488,0.99900786561503
"Monocytes_M1_med_dist",61,50,0.01194362,0.1296115,1.01201522643142,0.784985295726821,1.30470573666065,0.926579383335349,0.99900786561503
"Neutrophils_region",56,42,-0.0143145,0.1683466,0.985787461951318,0.708739159743312,1.37113479166634,0.932237566312597,0.99900786561503
"CD56+CD45-_tumor_med_dist",41,31,-0.01390551,0.1927055,0.986190729589851,0.675973516150532,1.43877257302545,0.942475093064431,0.99900786561503
"Lymphatic_endothelial_cells_assort",24,20,0.01326146,0.2457095,1.01334977958361,0.626052984417926,1.64024100410111,0.956957393025618,0.99900786561503
"M2_macrophages_tumor_contact",36,28,0.01362879,0.2897459,1.0137220846441,0.574495692904859,1.78875573409281,0.962483702943681,0.99900786561503
"BRCA_Mutation",53,44,-0.01387689,0.3248354,0.986218949559076,0.521762646948582,1.8641192928578,0.965924922572059,0.99900786561503
"Neutrophils_vascular_med_dist",55,41,-0.006546255,0.1574432,0.993475124921287,0.729694615298164,1.35261080888485,0.966834687976432,0.99900786561503
"Lymphatic_endothelial_cells_prop",30,25,-0.007479051,0.2485831,0.992548847554838,0.609758056988285,1.61564608042787,0.975997891866264,0.99900786561503
"CD4+_T_cells_vascular_contact",71,56,-0.003419584,0.1357462,0.9965862564019,0.763778604283841,1.30035609910861,0.979902613926887,0.99900786561503
"Lymphatic_endothelial_cells_vascular_med_dist",29,24,0.004809415,0.1981379,1.00482099907666,0.681449035633452,1.48164453596572,0.980634797202045,0.99900786561503
"CD11b+_epithelial_M1_contact",58,44,0.003302166,0.1434188,1.00330762415689,0.757453216801211,1.32896153368047,0.981630618744743,0.99900786561503
"Tumor_prop",77,61,0.00295221,0.135023,1.00295657176263,0.769751205027775,1.30681430346776,0.982556041617289,0.99900786561503
"CD8+_T_cells_M1_contact",70,57,-0.002270511,0.1284421,0.997732064705434,0.775682161764036,1.28334686810059,0.985896282484545,0.99900786561503
"CD11c+_epithelial_tumor_contact",70,54,0.00250777,0.1453244,1.00251091734232,0.754030217054529,1.33287515096741,0.986232100365146,0.99900786561503
"Other_immune_M1_med_dist",63,52,0.001863611,0.1390444,1.00186534905221,0.762876998065746,1.31572216776288,0.989306279617599,0.99900786561503
"Vascular_endothelial_cells_region",76,60,0.001640311,0.1226855,1.00164165708163,0.787557573265332,1.27392084497576,0.989332560719223,0.99900786561503
"Neuroepithelial_cells_M1_contact",51,38,-0.00182064,0.1363974,0.998181015884541,0.764025142456136,1.30410019920188,0.989350104429236,0.99900786561503
"CD11c+_epithelial_vascular_med_dist",69,53,0.001477156,0.126882,1.00147824706199,0.780978984534413,1.28423260958332,0.99071126902179,0.99900786561503
"NK/NKT_region",57,47,0.000413511,0.1475011,1.00041359655367,0.749249425189296,1.33577328259757,0.997763178451327,0.99900786561503
"HLADR+_prop",51,41,0.0002045422,0.1644949,1.00020456313766,0.724553616298774,1.38072482921522,0.99900786561503,0.99900786561503
